epoch_ms,visiveis,em_processamento
1790605809891,0,0
1790605811802,0,0
1790605813789,0,0
1790605815844,0,0
1790605817873,0,0
1790605819849,0,0
1790605821878,0,0
1790605823898,0,0
1790605825903,0,0
1790605827922,0,1
1790605829930,3,1
1790605831905,9,1
1790605833906,8,2
1790605835921,8,2
1790605837925,8,2
1790605839924,8,2
1790605841940,8,2
1790605843941,8,2
1790605845952,8,2
1790605847966,8,2
1790605849971,5,5
1790605851971,4,5
1790605854019,4,5
1790605856034,4,5
1790605858069,3,5
1790605860051,3,5
1790605862048,3,5
1790605864050,3,5
1790605866056,3,5
1790605868097,3,5
1790605870109,3,5
1790605872106,3,5
1790605874105,3,5
1790605876118,3,5
1790605878137,3,5
1790605880142,3,5
1790605882164,3,5
1790605884174,3,5
1790605886175,3,5
1790605888392,3,5
1790605890203,3,5
1790605892231,0,5
1790605894200,0,4
1790605896233,0,4
1790605898245,0,4
1790605900229,0,3
1790605902230,0,3
1790605904222,0,3
1790605906232,0,3
1790605908236,0,3
1790605910243,0,3
1790605912283,0,3
1790605914265,0,0
1790605916271,0,0
1790605918275,0,0
1790605920283,0,0
1790605922286,0,0
1790605924297,0,0
1790605926307,0,0
1790605928306,0,0
1790605930308,0,0
1790605932320,0,0
1790605934330,0,0
1790605936342,0,0
1790605938352,0,0
1790605940363,0,0
1790605942368,0,0
1790605944377,0,0
1790605946382,0,0
1790605948393,0,0
1790605950405,0,0
1790605952407,0,0
1790605954417,0,0
1790605956427,0,0
1790605958438,0,0
1790605960449,0,0
1790605962449,0,0
1790605964449,0,0
1790605966465,0,0
1790605968468,0,0
1790605970479,0,0
1790605972490,0,0
1790605974499,0,0
1790605976511,0,0
1790605978525,0,0
1790605980540,0,0
1790605982549,0,0
1790605984562,0,0
1790605986568,0,0
1790605988574,0,0
1790605990580,0,0
1790605992589,0,0
1790605994598,0,0
1790605996606,0,0
1790605998611,0,0
1790606000622,0,0
1790606002627,0,0
1790606004637,0,0
1790606006651,0,0
1790606008665,0,0
1790606010676,0,0
1790606012691,0,0
1790606014701,0,0
1790606016702,0,0
1790606018711,0,0
1790606020720,0,0
1790606022727,0,0
1790606024741,0,0
1790606026741,0,0
1790606028744,0,0
1790606030754,0,0
1790606032767,0,0
1790606034779,0,0
1790606036781,0,0
1790606038791,0,0
1790606040795,0,0
1790606042808,0,0
1790606044820,0,0
1790606046835,0,0
1790606048836,0,0
1790606050837,0,0
1790606052836,0,0
1790606054850,0,0
