arquivo,status,criado_ms,atualizado_ms,motivo
k6-1-worker-1790606415-010.mp4,DONE,1790606421623,1790606447060,
k6-1-worker-1790606415-003.mp4,DONE,1790606421631,1790606536938,
k6-1-worker-1790606415-001.mp4,DONE,1790606421632,1790606492450,
k6-1-worker-1790606415-005.mp4,DONE,1790606421634,1790606469395,
k6-1-worker-1790606415-009.mp4,DONE,1790606421647,1790606525614,
k6-1-worker-1790606415-007.mp4,DONE,1790606421649,1790606548005,
k6-1-worker-1790606415-002.mp4,DONE,1790606421650,1790606458114,
k6-1-worker-1790606415-006.mp4,DONE,1790606421653,1790606503471,
k6-1-worker-1790606415-004.mp4,DONE,1790606421656,1790606480984,
k6-1-worker-1790606415-008.mp4,DONE,1790606421667,1790606514486,
